<?xml version="1.0"?>
<doc>
    <assembly>
        <name>ARW.WebApi</name>
    </assembly>
    <members>
        <member name="T:ARW.Admin.WebApi.Controllers.BaseController">
            <summary>
            基础控制器
            </summary>
        </member>
        <member name="F:ARW.Admin.WebApi.Controllers.BaseController.TIME_FORMAT_FULL">
            <summary>
            时间格式化 2020-01-01 09:21:03
            </summary>
        </member>
        <member name="F:ARW.Admin.WebApi.Controllers.BaseController.TIME_FORMAT_FULL_2">
            <summary>
            时间格式化 01-01 09:21:03
            </summary>
        </member>
        <member name="M:ARW.Admin.WebApi.Controllers.BaseController.SUCCESS(System.Object,System.String)">
            <summary>
            返回成功封装
            </summary>
            <param name="data"></param>
            <param name="timeFormatStr"></param>
            <returns></returns>
        </member>
        <member name="M:ARW.Admin.WebApi.Controllers.BaseController.ToResponse(Infrastructure.Model.ApiResult,System.String)">
            <summary>
            json输出带时间格式的
            </summary>
            <param name="apiResult"></param>
            <param name="timeFormatStr"></param>
            <returns></returns>
        </member>
        <member name="M:ARW.Admin.WebApi.Controllers.BaseController.ToResponse(System.Int64,System.String)">
            <summary>
            
            </summary>
            <param name="rows"></param>
            <param name="timeFormatStr"></param>
            <returns></returns>
        </member>
        <member name="M:ARW.Admin.WebApi.Controllers.BaseController.ToResponse(Infrastructure.ResultCode,System.String)">
            <summary>
            
            </summary>
            <param name="resultCode"></param>
            <param name="msg"></param>
            <returns></returns>
        </member>
        <member name="M:ARW.Admin.WebApi.Controllers.BaseController.ToJson(System.Int64)">
            <summary>
            响应返回结果
            </summary>
            <param name="rows">受影响行数</param>
            <returns></returns>
        </member>
        <member name="M:ARW.Admin.WebApi.Controllers.BaseController.ToJson(System.Int64,System.Object)">
            <summary>
            响应返回结果,带消息
            </summary>
            <param name="rows"></param>
            <param name="data"></param>
            <returns></returns>
        </member>
        <member name="M:ARW.Admin.WebApi.Controllers.BaseController.GetApiResult(Infrastructure.ResultCode,System.Object)">
            <summary>
            全局Code使用
            </summary>
            <param name="resultCode"></param>
            <param name="data"></param>
            <returns></returns>
        </member>
        <member name="M:ARW.Admin.WebApi.Controllers.BaseController.GetApiResult(Infrastructure.ResultCode,System.String)">
            <summary>
            
            </summary>
            <param name="resultCode"></param>
            <param name="msg"></param>
            <returns></returns>
        </member>
        <member name="M:ARW.Admin.WebApi.Controllers.BaseController.ExportExcel``1(System.Collections.Generic.List{``0},System.String,System.String)">
            <summary>
            导出Excel
            </summary>
            <typeparam name="T"></typeparam>
            <param name="list"></param>
            <param name="sheetName"></param>
            <param name="fileName"></param>
        </member>
        <member name="M:ARW.Admin.WebApi.Controllers.BaseController.DownloadImportTemplate``1(System.Collections.Generic.List{``0},System.IO.Stream,System.String)">
            <summary>
            下载导入模板
            </summary>
            <typeparam name="T"></typeparam>
            <param name="list"></param>
            <param name="stream"></param>
            <param name="fileName">下载文件名</param>
            <returns></returns>
        </member>
        <member name="T:ARW.Admin.WebApi.Controllers.Business.ClassController">
            <summary>
            班级控制器
            </summary>
        </member>
        <member name="M:ARW.Admin.WebApi.Controllers.Business.ClassController.GetClassARWst(ARW.Model.Dto.Business.ClassQueryDto)">
            <summary>
            获取班级列表
            </summary>
            <param name="parm">查询参数</param>
            <returns></returns>
        </member>
        <member name="M:ARW.Admin.WebApi.Controllers.Business.ClassController.Create(ARW.Model.Dto.Business.ClassDto)">
            <summary>
            添加班级
            </summary>
            <returns></returns>
        </member>
        <member name="M:ARW.Admin.WebApi.Controllers.Business.ClassController.Update(ARW.Model.Dto.Business.ClassDto)">
            <summary>
            更新班级
            </summary>
            <returns></returns>
        </member>
        <member name="M:ARW.Admin.WebApi.Controllers.Business.ClassController.Delete(System.String)">
            <summary>
            删除文章
            </summary>
            <returns></returns>
        </member>
        <member name="T:ARW.Admin.WebApi.Controllers.Business.ProductTypeController">
            <summary>
            产品管理Controller
            </summary>
        </member>
        <member name="M:ARW.Admin.WebApi.Controllers.Business.ProductTypeController.#ctor(ARW.Service.Business.IBusinessService.IProductTypeService)">
            <summary>
            依赖注入
            </summary>
            <param name="productTypeService">产品类型服务</param>
        </member>
        <member name="M:ARW.Admin.WebApi.Controllers.Business.ProductTypeController.ProductTreeList(ARW.Model.Dto.Business.Product.ProductTypeQueryDto)">
            <summary>
            查询产品类型列表树
            </summary>
            <param name="parm"></param>
            <returns></returns>
        </member>
        <member name="M:ARW.Admin.WebApi.Controllers.Business.ProductTypeController.addProductType(ARW.Model.Dto.Business.Product.ProductTypeDto)">
            <summary>
            添加产品类型
            </summary>
            <returns></returns>
        </member>
        <member name="M:ARW.Admin.WebApi.Controllers.Business.ProductTypeController.updateProductType(ARW.Model.Dto.Business.Product.ProductTypeDto)">
            <summary>
            更新产品类型
            </summary>
            <returns></returns>
        </member>
        <member name="M:ARW.Admin.WebApi.Controllers.Business.ProductTypeController.deleteProductType(System.String)">
            <summary>
            删除产品类型
            </summary>
            <returns></returns>
        </member>
        <member name="T:ARW.Admin.WebApi.Controllers.Business.StudentController">
            <summary>
            学生控制器
            </summary>
        </member>
        <member name="M:ARW.Admin.WebApi.Controllers.Business.StudentController.#ctor(ARW.Service.Business.IBusinessService.IStudentService,ARW.Service.Business.IBusinessService.IClassService)">
            <summary>
            依赖注入
            </summary>
            <param name="studentService">学生服务</param>
            <param name="classService">班级服务</param>
        </member>
        <member name="M:ARW.Admin.WebApi.Controllers.Business.StudentController.GetStudentARWst(ARW.Model.Dto.Business.StudentQueryDto)">
            <summary>
            获取学生列表
            </summary>
            <param name="parm">查询参数</param>
            <returns></returns>
        </member>
        <member name="M:ARW.Admin.WebApi.Controllers.Business.StudentController.AddStudent(ARW.Model.Dto.Business.StudentDto,System.String)">
            <summary>
            添加学生
            </summary>
            <param name="parm">参数</param>
            <param name="name">名字</param>
            <returns></returns>
            <exception cref="T:Infrastructure.CustomException"></exception>
        </member>
        <member name="M:ARW.Admin.WebApi.Controllers.Business.StudentController.UpdateStudent(ARW.Model.Dto.Business.StudentDto)">
            <summary>
            更新学生
            </summary>
            <returns></returns>
        </member>
        <member name="M:ARW.Admin.WebApi.Controllers.Business.StudentController.DeleteStudent(System.String)">
            <summary>
            删除文章
            </summary>
            <returns></returns>
        </member>
        <member name="M:ARW.Admin.WebApi.Controllers.Business.StudentController.getClassList">
            <summary>
            获取班级列表(下拉框)
            </summary>
            <returns></returns>
        </member>
        <member name="M:ARW.Admin.WebApi.Controllers.Business.StudentController.ImportExcel(Microsoft.AspNetCore.Http.IFormFile)">
            <summary>
            导出学生
            </summary>
            <param name="formFile">使用IFromFile必须使用name属性否则获取不到文件</param>
            <returns></returns>
        </member>
        <member name="M:ARW.Admin.WebApi.Controllers.Business.StudentController.ImportTemplateExcel">
            <summary>
            学生导入模板下载
            </summary>
            <returns></returns>
        </member>
        <member name="M:ARW.Admin.WebApi.Controllers.Business.StudentController.ExportExcel(ARW.Model.Dto.Business.StudentQueryDto)">
            <summary>
            导出学生
            </summary>
            <returns></returns>
        </member>
        <member name="T:ARW.Admin.WebApi.Controllers.CommonController">
            <summary>
            公共模块
            </summary>
        </member>
        <member name="M:ARW.Admin.WebApi.Controllers.CommonController.Index">
            <summary>
            hello
            </summary>
            <returns></returns>
        </member>
        <member name="M:ARW.Admin.WebApi.Controllers.CommonController.SendEmail(Infrastructure.Model.SendEmailDto)">
            <summary>
            发送邮件
            </summary>
            <param name="sendEmailVo">请求参数接收实体</param>
            <returns></returns>
        </member>
        <member name="M:ARW.Admin.WebApi.Controllers.CommonController.UploadFile(Microsoft.AspNetCore.Http.IFormFile,System.String,System.String,Infrastructure.Enums.StoreType)">
            <summary>
            存储文件
            </summary>
            <param name="formFile"></param>
            <param name="fileDir">存储目录</param>
            <param name="fileName">自定义文件名</param>
            <param name="storeType">上传类型1、保存到本地 2、保存到阿里云</param>
            <returns></returns>
        </member>
        <member name="M:ARW.Admin.WebApi.Controllers.CommonController.UploadFileAliyun(Microsoft.AspNetCore.Http.IFormFile,System.String,System.String)">
            <summary>
            存储文件到阿里云(已弃用)
            </summary>
            <param name="formFile"></param>
            <param name="fileName">自定义文件名</param>
            <param name="fileDir">上传文件夹路径</param>
            <returns></returns>
        </member>
        <member name="T:ARW.Admin.WebApi.Controllers.CodeGeneratorController">
            <summary>
            代码生成
            </summary>
        </member>
        <member name="M:ARW.Admin.WebApi.Controllers.CodeGeneratorController.GetListDataBase">
            <summary>
            获取所有数据库的信息
            </summary>
            <returns></returns>
        </member>
        <member name="M:ARW.Admin.WebApi.Controllers.CodeGeneratorController.FindListTable(System.String,System.String,ARW.Model.PagerInfo)">
             <summary>
            获取所有表根据数据库名
             </summary>
             <param name="dbName">数据库名</param>
             <param name="tableName">表名</param>
             <param name="pager">分页信息</param>
             <returns></returns>
        </member>
        <member name="M:ARW.Admin.WebApi.Controllers.CodeGeneratorController.GetGenTable(System.String,ARW.Model.PagerInfo)">
            <summary>
            查询生成表数据
            </summary>
            <param name="tableName">表名</param>
            <param name="pagerInfo">分页信息</param>
            <returns></returns>
        </member>
        <member name="M:ARW.Admin.WebApi.Controllers.CodeGeneratorController.GetColumnList(System.Int64)">
            <summary>
            修改代码生成业务查询
            </summary>
            <param name="tableId">genTable表id</param>
            <returns></returns>
        </member>
        <member name="M:ARW.Admin.WebApi.Controllers.CodeGeneratorController.GetTableColumnList(System.Int64)">
            <summary>
            根据表id查询表列
            </summary>
            <param name="tableId">genTable表id</param>
            <returns></returns>
        </member>
        <member name="M:ARW.Admin.WebApi.Controllers.CodeGeneratorController.Remove(System.String)">
            <summary>
            删除代码生成
            </summary>
            <param name="tableIds"></param>
            <returns></returns>
        </member>
        <member name="M:ARW.Admin.WebApi.Controllers.CodeGeneratorController.ImportTableSave(System.String,System.String)">
            <summary>
            导入表结构（保存）
            </summary>
            <param name="tables"></param>
            <param name="dbName"></param>
            <returns></returns>
        </member>
        <member name="M:ARW.Admin.WebApi.Controllers.CodeGeneratorController.EditSave(ARW.Model.System.Dto.GenTableDto)">
            <summary>
            修改保存代码生成业务
            </summary>
            <param name="genTableDto">请求参数实体</param>
            <returns></returns>
        </member>
        <member name="M:ARW.Admin.WebApi.Controllers.CodeGeneratorController.Preview(System.Int64,System.Int32)">
            <summary>
            预览代码
            </summary>
            <param name="tableId"></param>
            <param name="VueVersion"></param>
            <returns></returns>
        </member>
        <member name="M:ARW.Admin.WebApi.Controllers.CodeGeneratorController.CodeGenerate(ARW.CodeGenerator.Model.GenerateDto)">
            <summary>
            生成代码（下载方式）
            </summary>
            <param name="dto">数据传输对象</param>
            <returns></returns>
        </member>
        <member name="M:ARW.Admin.WebApi.Controllers.CodeGeneratorController.SynchDb(System.String,System.Int64)">
            <summary>
            同步数据库
            </summary>
            <param name="tableId"></param>
            <param name="tableName"></param>
            <returns></returns>
        </member>
        <member name="T:ARW.Admin.WebApi.Controllers.CommonLangController">
            <summary>
            多语言配置Controller
            </summary>
        </member>
        <member name="F:ARW.Admin.WebApi.Controllers.CommonLangController._CommonLangService">
            <summary>
            多语言配置接口
            </summary>
        </member>
        <member name="M:ARW.Admin.WebApi.Controllers.CommonLangController.QueryCommonLang(ARW.Model.Dto.CommonLangQueryDto)">
            <summary>
            查询多语言配置列表
            </summary>
            <param name="parm"></param>
            <returns></returns>
        </member>
        <member name="M:ARW.Admin.WebApi.Controllers.CommonLangController.QueryCommonLangs(System.String)">
            <summary>
            查询多语言配置列表
            </summary>
            <returns></returns>
        </member>
        <member name="M:ARW.Admin.WebApi.Controllers.CommonLangController.GetCommonLang(System.Int64)">
            <summary>
            查询多语言配置详情
            </summary>
            <param name="Id"></param>
            <returns></returns>
        </member>
        <member name="M:ARW.Admin.WebApi.Controllers.CommonLangController.GetCommonLangByKey(System.String)">
            <summary>
            查询多语言配置详情
            </summary>
            <param name="langKey"></param>
            <returns></returns>
        </member>
        <member name="M:ARW.Admin.WebApi.Controllers.CommonLangController.UpdateCommonLang(ARW.Model.Dto.CommonLangDto)">
            <summary>
            更新多语言配置
            </summary>
            <returns></returns>
        </member>
        <member name="M:ARW.Admin.WebApi.Controllers.CommonLangController.DeleteCommonLang(System.String)">
            <summary>
            删除多语言配置
            </summary>
            <returns></returns>
        </member>
        <member name="M:ARW.Admin.WebApi.Controllers.CommonLangController.Export(ARW.Model.Dto.CommonLangQueryDto)">
            <summary>
            导出多语言配置
            </summary>
            <returns></returns>
        </member>
        <member name="T:ARW.Admin.WebApi.Controllers.monitor.MonitorController">
            <summary>
            系统监控
            </summary>
        </member>
        <member name="M:ARW.Admin.WebApi.Controllers.monitor.MonitorController.GetCache">
            <summary>
            获取缓存监控数据
            </summary>
            <returns></returns>
        </member>
        <member name="M:ARW.Admin.WebApi.Controllers.monitor.MonitorController.Server">
            <summary>
            获取服务器信息
            </summary>
            <returns></returns>
        </member>
        <member name="T:ARW.Admin.WebApi.Controllers.monitor.SysLogininforController">
            <summary>
            系统访问记录
            </summary>
        </member>
        <member name="M:ARW.Admin.WebApi.Controllers.monitor.SysLogininforController.LoignLogList(ARW.Model.System.SysLogininfor,ARW.Model.PagerInfo)">
            <summary>
            查询登录日志
            </summary>
            <param name="sysLogininfoDto"></param>
            <param name="pagerInfo"></param>
            <returns></returns>
        </member>
        <member name="M:ARW.Admin.WebApi.Controllers.monitor.SysLogininforController.CleanLoginInfo">
            <summary>
            清空登录日志
            </summary>
            <returns></returns>
        </member>
        <member name="M:ARW.Admin.WebApi.Controllers.monitor.SysLogininforController.Remove(System.String)">
            <summary>
            </summary>
            <param name="infoIds"></param>
            <returns></returns>
        </member>
        <member name="M:ARW.Admin.WebApi.Controllers.monitor.SysLogininforController.Export(ARW.Model.System.SysLogininfor)">
            <summary>
            登录日志导出
            </summary>
            <returns></returns>
        </member>
        <member name="T:ARW.Admin.WebApi.Controllers.monitor.SysOperlogController">
            <summary>
            操作日志记录
            </summary>
        </member>
        <member name="M:ARW.Admin.WebApi.Controllers.monitor.SysOperlogController.OperList(ARW.Model.System.Dto.SysOperLogDto)">
            <summary>
            查询操作日志
            </summary>
            <param name="sysOperLog"></param>
            <returns></returns>
        </member>
        <member name="M:ARW.Admin.WebApi.Controllers.monitor.SysOperlogController.Remove(System.String)">
            <summary>
            删除操作日志
            </summary>
            <param name="operIds"></param>
            <returns></returns>
        </member>
        <member name="M:ARW.Admin.WebApi.Controllers.monitor.SysOperlogController.ClearOperLog">
            <summary>
            清空操作日志
            </summary>
            <returns></returns>
        </member>
        <member name="M:ARW.Admin.WebApi.Controllers.monitor.SysOperlogController.Export(ARW.Model.System.Dto.SysOperLogDto)">
            <summary>
            导出操作日志
            </summary>
            <returns></returns>
        </member>
        <member name="T:ARW.Admin.WebApi.Controllers.SysConfigController">
            <summary>
            参数配置Controller
            </summary>
        </member>
        <member name="F:ARW.Admin.WebApi.Controllers.SysConfigController._SysConfigService">
            <summary>
            参数配置接口
            </summary>
        </member>
        <member name="M:ARW.Admin.WebApi.Controllers.SysConfigController.QuerySysConfig(ARW.Model.System.Dto.SysConfigQueryDto)">
            <summary>
            查询参数配置列表
            </summary>
            <returns></returns>
        </member>
        <member name="M:ARW.Admin.WebApi.Controllers.SysConfigController.GetSysConfig(System.Int32)">
            <summary>
            查询参数配置详情
            </summary>
            <param name="ConfigId"></param>
            <returns></returns>
        </member>
        <member name="M:ARW.Admin.WebApi.Controllers.SysConfigController.GetConfigKey(System.String)">
            <summary>
            根据参数键名查询参数值
            </summary>
            <param name="configKey"></param>
            <returns></returns>
        </member>
        <member name="M:ARW.Admin.WebApi.Controllers.SysConfigController.AddSysConfig(ARW.Model.System.Dto.SysConfigDto)">
            <summary>
            添加参数配置
            </summary>
            <returns></returns>
        </member>
        <member name="M:ARW.Admin.WebApi.Controllers.SysConfigController.UpdateSysConfig(ARW.Model.System.Dto.SysConfigDto)">
            <summary>
            更新参数配置
            </summary>
            <returns></returns>
        </member>
        <member name="M:ARW.Admin.WebApi.Controllers.SysConfigController.DeleteSysConfig(System.String)">
            <summary>
            删除参数配置
            </summary>
            <returns></returns>
        </member>
        <member name="T:ARW.Admin.WebApi.Controllers.System.SysDeptController">
            <summary>
            部门
            </summary>
        </member>
        <member name="M:ARW.Admin.WebApi.Controllers.System.SysDeptController.List(ARW.Model.System.SysDept)">
            <summary>
            获取部门列表
            </summary>
            <returns></returns>
        </member>
        <member name="M:ARW.Admin.WebApi.Controllers.System.SysDeptController.ExcludeChild(System.Int64)">
            <summary>
            查询部门列表（排除节点）
            </summary>
            <param name="deptId"></param>
            <returns></returns>
        </member>
        <member name="M:ARW.Admin.WebApi.Controllers.System.SysDeptController.TreeSelect(ARW.Model.System.SysDept)">
            <summary>
            获取部门下拉树列表
            </summary>
            <param name="dept"></param>
            <returns></returns>
        </member>
        <member name="M:ARW.Admin.WebApi.Controllers.System.SysDeptController.RoleMenuTreeselect(System.Int32)">
            <summary>
            获取角色部门信息
            加载对应角色部门列表树
            </summary>
            <param name="roleId"></param>
            <returns></returns>        
        </member>
        <member name="M:ARW.Admin.WebApi.Controllers.System.SysDeptController.GetInfo(System.Int64)">
            <summary>
            根据部门编号获取详细信息
            </summary>
            <returns></returns>
        </member>
        <member name="M:ARW.Admin.WebApi.Controllers.System.SysDeptController.Add(ARW.Model.System.SysDept)">
            <summary>
            新增部门
            </summary>
            <param name="dept"></param>
            <returns></returns>
        </member>
        <member name="M:ARW.Admin.WebApi.Controllers.System.SysDeptController.Update(ARW.Model.System.SysDept)">
            <summary>
            修改部门
            </summary>
            <param name="dept"></param>
            <returns></returns>
        </member>
        <member name="M:ARW.Admin.WebApi.Controllers.System.SysDeptController.Remove(System.Int64)">
            <summary>
            删除部门
            </summary>
            <returns></returns>
        </member>
        <member name="T:ARW.Admin.WebApi.Controllers.System.SysDictDataController">
            <summary>
            数据字典信息
            </summary>
        </member>
        <member name="M:ARW.Admin.WebApi.Controllers.System.SysDictDataController.List(ARW.Model.System.SysDictData,ARW.Model.PagerInfo)">
            <summary>
            搜索
            </summary>
            <param name="dictData"></param>
            <param name="pagerInfo"></param>
            <returns></returns>
        </member>
        <member name="M:ARW.Admin.WebApi.Controllers.System.SysDictDataController.DictType(System.String)">
            <summary>
            根据字典类型查询字典数据信息
            </summary>
            <param name="dictType"></param>
            <returns></returns>
        </member>
        <member name="M:ARW.Admin.WebApi.Controllers.System.SysDictDataController.DictTypes(System.Collections.Generic.List{ARW.Model.System.Dto.SysdictDataDto})">
            <summary>
            根据字典类型查询字典数据信息
            </summary>
            <param name="dto"></param>
            <returns></returns>
        </member>
        <member name="M:ARW.Admin.WebApi.Controllers.System.SysDictDataController.GetInfo(System.Int64)">
            <summary>
            查询字典数据详细
            </summary>
            <param name="dictCode"></param>
            <returns></returns>
        </member>
        <member name="M:ARW.Admin.WebApi.Controllers.System.SysDictDataController.Add(ARW.Model.System.SysDictData)">
            <summary>
            添加
            </summary>
            <param name="dict"></param>
            <returns></returns>
        </member>
        <member name="M:ARW.Admin.WebApi.Controllers.System.SysDictDataController.Edit(ARW.Model.System.SysDictData)">
            <summary>
            修改
            </summary>
            <param name="dict"></param>
            <returns></returns>
        </member>
        <member name="M:ARW.Admin.WebApi.Controllers.System.SysDictDataController.Remove(System.String)">
            <summary>
            删除字典类型
            </summary>
            <param name="dictCode"></param>
            <returns></returns>
        </member>
        <member name="T:ARW.Admin.WebApi.Controllers.System.SysDictTypeController">
            <summary>
            数据字典信息
            </summary>
        </member>
        <member name="M:ARW.Admin.WebApi.Controllers.System.SysDictTypeController.List(ARW.Model.System.SysDictType,ARW.Model.PagerInfo)">
            <summary>
            查询
            </summary>
            <param name="dict"></param>
            <param name="pagerInfo"></param>
            <returns></returns>
        </member>
        <member name="M:ARW.Admin.WebApi.Controllers.System.SysDictTypeController.GetInfo(System.Int64)">
            <summary>
            查询字典类型详细
            </summary>
            <param name="dictId"></param>
            <returns></returns>
        </member>
        <member name="M:ARW.Admin.WebApi.Controllers.System.SysDictTypeController.Add(ARW.Model.System.SysDictType)">
            <summary>
            添加字典类型
            </summary>
            <param name="dict"></param>
            <returns></returns>
        </member>
        <member name="M:ARW.Admin.WebApi.Controllers.System.SysDictTypeController.Edit(ARW.Model.System.SysDictType)">
            <summary>
            修改字典类型
            </summary>
            <param name="dict"></param>
            <returns></returns>
        </member>
        <member name="M:ARW.Admin.WebApi.Controllers.System.SysDictTypeController.Remove(System.String)">
            <summary>
            删除字典类型
            </summary>
            <returns></returns>
        </member>
        <member name="M:ARW.Admin.WebApi.Controllers.System.SysDictTypeController.Export">
            <summary>
            字典导出
            </summary>
            <returns></returns>
        </member>
        <member name="T:ARW.Admin.WebApi.Controllers.System.SysLoginController">
            <summary>
            登录
            </summary>
        </member>
        <member name="M:ARW.Admin.WebApi.Controllers.System.SysLoginController.Login(ARW.Model.System.Dto.LoginBodyDto)">
            <summary>
            登录
            </summary>
            <param name="loginBody">登录对象</param>
            <returns></returns>
        </member>
        <member name="M:ARW.Admin.WebApi.Controllers.System.SysLoginController.LogOut">
            <summary>
            注销
            </summary>
            <returns></returns>
        </member>
        <member name="M:ARW.Admin.WebApi.Controllers.System.SysLoginController.GetUserInfo">
            <summary>
            获取用户信息
            </summary>
            <returns></returns>
        </member>
        <member name="M:ARW.Admin.WebApi.Controllers.System.SysLoginController.GetRouters">
            <summary>
            获取路由信息
            </summary>
            <returns></returns>
        </member>
        <member name="M:ARW.Admin.WebApi.Controllers.System.SysLoginController.CaptchaImage">
            <summary>
            生成图片验证码
            </summary>
            <returns></returns>
        </member>
        <member name="M:ARW.Admin.WebApi.Controllers.System.SysLoginController.RecordLogInfo(Microsoft.AspNetCore.Http.HttpContext)">
            <summary>
            记录用户登陆信息
            </summary>
            <param name="context"></param>
            <returns></returns>
        </member>
        <member name="M:ARW.Admin.WebApi.Controllers.System.SysLoginController.Register(ARW.Model.System.Dto.RegisterDto)">
            <summary>
            注册
            </summary>
            <param name="dto"></param>
            <returns></returns>
        </member>
        <member name="T:ARW.Admin.WebApi.Controllers.System.SysMenuController">
            <summary>
            系统菜单
            </summary>
        </member>
        <member name="M:ARW.Admin.WebApi.Controllers.System.SysMenuController.TreeMenuList(ARW.Model.System.Dto.MenuQueryDto)">
            <summary>
            获取菜单列表
            </summary>
            <returns></returns>
        </member>
        <member name="M:ARW.Admin.WebApi.Controllers.System.SysMenuController.GetMenuInfo(System.Int32)">
            <summary>
            根据菜单编号获取详细信息
            </summary>
            <param name="menuId"></param>
            <returns></returns>
        </member>
        <member name="M:ARW.Admin.WebApi.Controllers.System.SysMenuController.GetMenuList(System.Int32)">
            <summary>
            根据菜单编号获取菜单列表，菜单管理首次进入
            </summary>
            <param name="menuId"></param>
            <returns></returns>
        </member>
        <member name="M:ARW.Admin.WebApi.Controllers.System.SysMenuController.RoleMenuTreeselect(System.Int32)">
            <summary>
            获取角色菜单信息
            加载对应角色菜单列表树
            </summary>
            <param name="roleId"></param>
            <returns></returns>        
        </member>
        <member name="M:ARW.Admin.WebApi.Controllers.System.SysMenuController.MenuEdit(ARW.Model.System.Dto.MenuDto)">
            <summary>
            修改菜单
            </summary>
            <param name="menuDto"></param>
            <returns></returns>
        </member>
        <member name="M:ARW.Admin.WebApi.Controllers.System.SysMenuController.MenuAdd(ARW.Model.System.Dto.MenuDto)">
            <summary>
            添加菜单
            </summary>
            <param name="menuDto"></param>
            <returns></returns>
        </member>
        <member name="M:ARW.Admin.WebApi.Controllers.System.SysMenuController.Remove(System.Int32)">
            <summary>
            菜单删除
            </summary>
            <param name="menuId"></param>
            <returns></returns>
        </member>
        <member name="M:ARW.Admin.WebApi.Controllers.System.SysMenuController.ChangeSort(System.Int32,System.Int32)">
            <summary>
            保存排序
            </summary>
            <param name="id"></param>
            <param name="value"></param>
            <returns></returns>
        </member>
        <member name="T:ARW.Admin.WebApi.Controllers.System.SysNoticeController">
            <summary>
            系统通知
            </summary>
        </member>
        <member name="F:ARW.Admin.WebApi.Controllers.System.SysNoticeController._SysNoticeService">
            <summary>
            通知公告表接口
            </summary>
        </member>
        <member name="M:ARW.Admin.WebApi.Controllers.System.SysNoticeController.QueryNotice(ARW.Model.System.Dto.SysNoticeQueryDto)">
            <summary>
            查询通知公告表列表
            </summary>
            <returns></returns>
        </member>
        <member name="M:ARW.Admin.WebApi.Controllers.System.SysNoticeController.QuerySysNotice(ARW.Model.System.Dto.SysNoticeQueryDto)">
            <summary>
            查询通知公告表列表
            </summary>
            <returns></returns>
        </member>
        <member name="M:ARW.Admin.WebApi.Controllers.System.SysNoticeController.GetSysNotice(System.Int32)">
            <summary>
            查询通知公告表详情
            </summary>
            <param name="NoticeId"></param>
            <returns></returns>
        </member>
        <member name="M:ARW.Admin.WebApi.Controllers.System.SysNoticeController.AddSysNotice(ARW.Model.System.Dto.SysNoticeDto)">
            <summary>
            添加通知公告表
            </summary>
            <returns></returns>
        </member>
        <member name="M:ARW.Admin.WebApi.Controllers.System.SysNoticeController.UpdateSysNotice(ARW.Model.System.Dto.SysNoticeDto)">
            <summary>
            更新通知公告表
            </summary>
            <returns></returns>
        </member>
        <member name="M:ARW.Admin.WebApi.Controllers.System.SysNoticeController.SendNotice(System.Int32)">
            <summary>
            发送通知公告表
            </summary>
            <returns></returns>
        </member>
        <member name="M:ARW.Admin.WebApi.Controllers.System.SysNoticeController.DeleteSysNotice(System.String)">
            <summary>
            删除通知公告表
            </summary>
            <returns></returns>
        </member>
        <member name="M:ARW.Admin.WebApi.Controllers.System.SysNoticeController.Export">
            <summary>
            通知公告表导出
            </summary>
            <returns></returns>
        </member>
        <member name="T:ARW.Admin.WebApi.Controllers.System.SysPostController">
            <summary>
            岗位管理
            </summary>
        </member>
        <member name="M:ARW.Admin.WebApi.Controllers.System.SysPostController.List(ARW.Model.System.SysPost,ARW.Model.PagerInfo)">
            <summary>
            岗位列表查询
            </summary>
            <returns></returns>
        </member>
        <member name="M:ARW.Admin.WebApi.Controllers.System.SysPostController.Query(System.Int64)">
            <summary>
            岗位查询
            </summary>
            <param name="postId"></param>
            <returns></returns>
        </member>
        <member name="M:ARW.Admin.WebApi.Controllers.System.SysPostController.Add(ARW.Model.System.SysPost)">
            <summary>
            岗位管理
            </summary>
            <param name="post"></param>
            <returns></returns>
        </member>
        <member name="M:ARW.Admin.WebApi.Controllers.System.SysPostController.Update(ARW.Model.System.SysPost)">
            <summary>
            岗位管理
            </summary>
            <param name="post"></param>
            <returns></returns>
        </member>
        <member name="M:ARW.Admin.WebApi.Controllers.System.SysPostController.Delete(System.String)">
            <summary>
            岗位删除
            </summary>
            <param name="id"></param>
            <returns></returns>
        </member>
        <member name="M:ARW.Admin.WebApi.Controllers.System.SysPostController.Optionselect">
            <summary>
            获取岗位选择框列表
            </summary>
        </member>
        <member name="M:ARW.Admin.WebApi.Controllers.System.SysPostController.Export">
            <summary>
            岗位导出
            </summary>
            <returns></returns>
        </member>
        <member name="T:ARW.Admin.WebApi.Controllers.System.SysProfileController">
            <summary>
            个人中心
            </summary>
        </member>
        <member name="M:ARW.Admin.WebApi.Controllers.System.SysProfileController.Profile">
            <summary>
            个人中心用户信息获取
            </summary>
            <returns></returns>
        </member>
        <member name="M:ARW.Admin.WebApi.Controllers.System.SysProfileController.UpdateProfile(ARW.Model.System.Dto.SysUserDto)">
            <summary>
            修改用户
            </summary>
            <returns></returns>
        </member>
        <member name="M:ARW.Admin.WebApi.Controllers.System.SysProfileController.UpdatePwd(System.String,System.String)">
            <summary>
            修改密码
            </summary>
            <returns></returns>
        </member>
        <member name="M:ARW.Admin.WebApi.Controllers.System.SysProfileController.Avatar(Microsoft.AspNetCore.Http.IFormFile)">
            <summary>
            修改头像
            </summary>
            <param name="formFile"></param>
            <returns></returns>
        </member>
        <member name="T:ARW.Admin.WebApi.Controllers.System.SysRoleController">
            <summary>
            角色信息
            </summary>
        </member>
        <member name="M:ARW.Admin.WebApi.Controllers.System.SysRoleController.List(ARW.Model.System.SysRole,ARW.Model.PagerInfo)">
            <summary>
            获取系统角色管理
            </summary>
            <returns></returns>
        </member>
        <member name="M:ARW.Admin.WebApi.Controllers.System.SysRoleController.GetInfo(System.Int64)">
            <summary>
            根据角色编号获取详细信息
            </summary>
            <param name="roleId"></param>
            <returns></returns>
        </member>
        <member name="M:ARW.Admin.WebApi.Controllers.System.SysRoleController.RoleAdd(ARW.Model.System.SysRole)">
            <summary>
            添加角色
            </summary>
            <param name="sysRoleDto"></param>
            <returns></returns>
        </member>
        <member name="M:ARW.Admin.WebApi.Controllers.System.SysRoleController.RoleEdit(ARW.Model.System.SysRole)">
            <summary>
            修改角色 √
            </summary>
            <param name="sysRoleDto"></param>
            <returns></returns>
        </member>
        <member name="M:ARW.Admin.WebApi.Controllers.System.SysRoleController.DataScope(ARW.Model.System.SysRole)">
            <summary>
            根据角色分配菜单
            </summary>
            <param name="sysRoleDto"></param>
            <returns></returns>
        </member>
        <member name="M:ARW.Admin.WebApi.Controllers.System.SysRoleController.Remove(System.String)">
            <summary>
            角色删除
            </summary>
            <param name="roleId"></param>
            <returns></returns>
        </member>
        <member name="M:ARW.Admin.WebApi.Controllers.System.SysRoleController.ChangeStatus(ARW.Model.System.SysRole)">
            <summary>
            修改角色状态
            </summary>
            <param name="roleDto">角色对象</param>
            <returns></returns>
        </member>
        <member name="M:ARW.Admin.WebApi.Controllers.System.SysRoleController.Export">
            <summary>
            角色导出
            </summary>
            <returns></returns>
        </member>
        <member name="T:ARW.Admin.WebApi.Controllers.System.SysUserController">
            <summary>
            用户管理
            </summary>
        </member>
        <member name="M:ARW.Admin.WebApi.Controllers.System.SysUserController.List(ARW.Model.System.SysUser,ARW.Model.PagerInfo)">
            <summary>
            用户管理 -> 获取用户
            /system/user/list
            </summary>
            <returns></returns>
        </member>
        <member name="M:ARW.Admin.WebApi.Controllers.System.SysUserController.GetInfo(System.Int32)">
            <summary>
            用户管理 -> 编辑、添加用户获取用户，信息查询
            </summary>
            <param name="userId"></param>
            <returns></returns>
        </member>
        <member name="M:ARW.Admin.WebApi.Controllers.System.SysUserController.AddUser(ARW.Model.System.SysUser)">
            <summary>
            添加用户
            </summary>
            <param name="user"></param>
            <returns></returns>
        </member>
        <member name="M:ARW.Admin.WebApi.Controllers.System.SysUserController.UpdateUser(ARW.Model.System.SysUser)">
            <summary>
            修改用户
            </summary>
            <param name="user"></param>
            <returns></returns>
        </member>
        <member name="M:ARW.Admin.WebApi.Controllers.System.SysUserController.ChangeStatus(ARW.Model.System.SysUser)">
            <summary>
            改变用户状态
            </summary>
            <param name="user"></param>
            <returns></returns>
        </member>
        <member name="M:ARW.Admin.WebApi.Controllers.System.SysUserController.Remove(System.Int32)">
            <summary>
            删除用户
            </summary>
            <param name="userid"></param>
            <returns></returns>
        </member>
        <member name="M:ARW.Admin.WebApi.Controllers.System.SysUserController.ResetPwd(ARW.Model.System.SysUser)">
            <summary>
            重置密码
            </summary>
            <returns></returns>
        </member>
        <member name="M:ARW.Admin.WebApi.Controllers.System.SysUserController.ImportData(Microsoft.AspNetCore.Http.IFormFile)">
            <summary>
            导入
            </summary>
            <param name="formFile">使用IFromFile必须使用name属性否则获取不到文件</param>
            <returns></returns>
        </member>
        <member name="M:ARW.Admin.WebApi.Controllers.System.SysUserController.ImportTemplateExcel">
            <summary>
            用户导入模板下载
            </summary>
            <returns></returns>
        </member>
        <member name="M:ARW.Admin.WebApi.Controllers.System.SysUserController.UserExport(ARW.Model.System.SysUser)">
            <summary>
            用户导出
            </summary>
            <param name="user"></param>
            <returns></returns>
        </member>
        <member name="T:ARW.Admin.WebApi.Controllers.System.SysUserRoleController">
            <summary>
            用户角色管理
            </summary>
        </member>
        <member name="M:ARW.Admin.WebApi.Controllers.System.SysUserRoleController.GetList(ARW.Model.System.Dto.RoleUserQueryDto)">
            <summary>
            根据角色编号获取已分配的用户
            </summary>
            <param name="roleUserQueryDto"></param>
            <returns></returns>
        </member>
        <member name="M:ARW.Admin.WebApi.Controllers.System.SysUserRoleController.Create(ARW.Model.System.Dto.RoleUsersCreateDto)">
            <summary>
            添加角色用户
            </summary>
            <returns></returns>
        </member>
        <member name="M:ARW.Admin.WebApi.Controllers.System.SysUserRoleController.Delete(ARW.Model.System.Dto.RoleUsersCreateDto)">
            <summary>
            删除角色用户
            </summary>
            <param name="roleUsersCreateDto"></param>
            <returns></returns>
        </member>
        <member name="M:ARW.Admin.WebApi.Controllers.System.SysUserRoleController.GetExcludeUsers(ARW.Model.System.Dto.RoleUserQueryDto)">
            <summary>
            获取未分配用户角色
            </summary>
            <param name="roleUserQueryDto"></param>
            <returns></returns>
        </member>
        <member name="T:ARW.Admin.WebApi.Controllers.System.TasksLogController">
            <summary>
            任务日志
            </summary>
        </member>
        <member name="M:ARW.Admin.WebApi.Controllers.System.TasksLogController.GetList(ARW.Model.PagerInfo,ARW.Model.System.Dto.TasksLogQueryDto)">
            <summary>
            查询日志
            </summary>
            <param name="queryDto"></param>
            <param name="pager"></param>
            <returns></returns>
        </member>
        <member name="M:ARW.Admin.WebApi.Controllers.System.TasksLogController.Delete(System.String)">
            <summary>
            删除定时任务调用日志
            </summary>
            <param name="jobIds"></param>
            <returns></returns>
        </member>
        <member name="M:ARW.Admin.WebApi.Controllers.System.TasksLogController.Clean">
            <summary>
            清空日志
            </summary>
            <returns></returns>
        </member>
        <member name="M:ARW.Admin.WebApi.Controllers.System.TasksLogController.Export">
            <summary>
            定时任务日志导出
            </summary>
            <returns></returns>
        </member>
        <member name="T:ARW.Admin.WebApi.Controllers.SysFileController">
            <summary>
            文件存储Controller
            </summary>
        </member>
        <member name="F:ARW.Admin.WebApi.Controllers.SysFileController._SysFileService">
            <summary>
            文件存储接口
            </summary>
        </member>
        <member name="M:ARW.Admin.WebApi.Controllers.SysFileController.QuerySysFile(ARW.Model.System.Dto.SysFileQueryDto)">
            <summary>
            查询文件存储列表
            </summary>
            <param name="parm"></param>
            <returns></returns>
        </member>
        <member name="M:ARW.Admin.WebApi.Controllers.SysFileController.GetSysFile(System.Int64)">
            <summary>
            查询文件存储详情
            </summary>
            <param name="Id"></param>
            <returns></returns>
        </member>
        <member name="M:ARW.Admin.WebApi.Controllers.SysFileController.DeleteSysFile(System.String)">
            <summary>
            删除文件存储
            </summary>
            <returns></returns>
        </member>
        <member name="M:ARW.Admin.WebApi.Controllers.SysFileController.Export">
            <summary>
            文件存储导出
            </summary>
            <returns></returns>
        </member>
        <member name="T:ARW.Admin.WebApi.Controllers.TasksController">
            <summary>
            计划任务
            </summary>
        </member>
        <member name="M:ARW.Admin.WebApi.Controllers.TasksController.Query(ARW.Model.System.Dto.TasksQueryDto,ARW.Model.PagerInfo)">
            <summary>
            查询计划任务列表
            </summary>
            <returns></returns>
        </member>
        <member name="M:ARW.Admin.WebApi.Controllers.TasksController.Get(System.String)">
            <summary>
            查询单个计划任务
            </summary>
            <param name="id">编码</param>
            <returns></returns>
        </member>
        <member name="M:ARW.Admin.WebApi.Controllers.TasksController.Create(ARW.Model.System.Dto.TasksCreateDto)">
            <summary>
            添加任务
            </summary>
            <returns></returns>
        </member>
        <member name="M:ARW.Admin.WebApi.Controllers.TasksController.Update(ARW.Model.System.Dto.TasksUpdateDto)">
            <summary>
            更新任务
            </summary>
            <returns></returns>
        </member>
        <member name="M:ARW.Admin.WebApi.Controllers.TasksController.Delete(System.String)">
            <summary>
            删除任务
            </summary>
            <returns></returns>
        </member>
        <member name="M:ARW.Admin.WebApi.Controllers.TasksController.Start(System.String)">
            <summary>
            启动任务
            </summary>
            <returns></returns>
        </member>
        <member name="M:ARW.Admin.WebApi.Controllers.TasksController.Stop(System.String)">
            <summary>
            停止任务
            </summary>
            <returns></returns>
        </member>
        <member name="M:ARW.Admin.WebApi.Controllers.TasksController.Run(System.String)">
            <summary>
            定时任务立即执行一次
            </summary>
            <param name="id"></param>
            <returns></returns>
        </member>
        <member name="M:ARW.Admin.WebApi.Controllers.TasksController.Export">
            <summary>
            定时任务导出
            </summary>
            <returns></returns>
        </member>
        <member name="M:ARW.Admin.WebApi.Extensions.DbExtension.FilterData(System.Int32)">
            <summary>
            数据过滤
            </summary>
            <param name="configId">多库id</param>
        </member>
        <member name="T:ARW.Admin.WebApi.Extensions.HttpContextExtension">
            <summary>
            HttpContext扩展类
            </summary>
        </member>
        <member name="M:ARW.Admin.WebApi.Extensions.HttpContextExtension.IsAjaxRequest(Microsoft.AspNetCore.Http.HttpRequest)">
            <summary>
            是否是ajax请求
            </summary>
            <param name="request"></param>
            <returns></returns>
        </member>
        <member name="M:ARW.Admin.WebApi.Extensions.HttpContextExtension.GetClientUserIp(Microsoft.AspNetCore.Http.HttpContext)">
            <summary>
            获取客户端IP
            </summary>
            <param name="context"></param>
            <returns></returns>
        </member>
        <member name="M:ARW.Admin.WebApi.Extensions.HttpContextExtension.GetClaims(Microsoft.AspNetCore.Http.HttpContext)">
            <summary>
            ClaimsIdentity
            </summary>
            <param name="context"></param>
            <returns></returns>
        </member>
        <member name="M:ARW.Admin.WebApi.Extensions.HttpContextExtension.GetToken(Microsoft.AspNetCore.Http.HttpContext)">
            <summary>
            获取请求令牌
            </summary>
            <param name="context"></param>
            <returns></returns>
        </member>
        <member name="M:ARW.Admin.WebApi.Extensions.HttpContextExtension.GetRequestValue(Microsoft.AspNetCore.Http.HttpContext,ARW.Model.System.SysOperLog)">
            <summary>
            设置请求参数
            </summary>
            <param name="operLog"></param>
            <param name="context"></param>
        </member>
        <member name="M:ARW.Admin.WebApi.Extensions.SwaggerExtension.UseSwagger(Microsoft.AspNetCore.Builder.IApplicationBuilder)">
            <summary>
            
            </summary>
            <param name="app"></param>
        </member>
        <member name="T:ARW.Admin.WebApi.Extensions.TasksExtension">
            <summary>
            定时任务扩展方法
            </summary>
        </member>
        <member name="M:ARW.Admin.WebApi.Extensions.TasksExtension.UseAddTaskSchedulers(Microsoft.AspNetCore.Builder.IApplicationBuilder)">
            <summary>
            程序启动后添加任务计划
            </summary>
            <param name="app"></param>
            <returns></returns>
        </member>
        <member name="T:ARW.Admin.WebApi.Filters.ActionPermissionFilter">
            <summary>
            API授权判断
            </summary>
        </member>
        <member name="P:ARW.Admin.WebApi.Filters.ActionPermissionFilter.Permission">
            <summary>
            权限字符串，例如 system:user:view
            </summary>
        </member>
        <member name="M:ARW.Admin.WebApi.Filters.ActionPermissionFilter.OnActionExecutionAsync(Microsoft.AspNetCore.Mvc.Filters.ActionExecutingContext,Microsoft.AspNetCore.Mvc.Filters.ActionExecutionDelegate)">
            <summary>
            执行Action前校验是否有权限访问
            </summary>
            <param name="context"></param>
            <param name="next"></param>
            <returns></returns>
        </member>
        <member name="M:ARW.Admin.WebApi.Filters.GlobalActionMonitor.OnActionExecutionAsync(Microsoft.AspNetCore.Mvc.Filters.ActionExecutingContext,Microsoft.AspNetCore.Mvc.Filters.ActionExecutionDelegate)">
            <summary>
            Action请求前
            </summary>
            <param name="context"></param>
            <param name="next"></param>
            <returns></returns>
        </member>
        <member name="M:ARW.Admin.WebApi.Filters.GlobalActionMonitor.OnResultExecuted(Microsoft.AspNetCore.Mvc.Filters.ResultExecutedContext)">
            <summary>
            OnActionExecuted是在Action中的代码执行之后运行的方法。
            </summary>
            <param name="context"></param>
        </member>
        <member name="T:ARW.Admin.WebApi.Filters.VerifyAttribute">
            <summary>
            授权校验访问
            如果跳过授权登录在Action 或controller加上 AllowAnonymousAttribute
            </summary>
        </member>
        <member name="M:ARW.Admin.WebApi.Filters.VerifyAttribute.OnAuthorization(Microsoft.AspNetCore.Mvc.Filters.AuthorizationFilterContext)">
            <summary>
            只判断token是否正确，不判断权限
            如果需要判断权限的在Action上加上ApiActionPermission属性标识权限类别，ActionPermissionFilter作权限处理
            </summary>
            <param name="context"></param>
        </member>
        <member name="T:ARW.Admin.WebApi.Framework.JwtUtil">
            <summary>
            2020-11-20
            </summary>
        </member>
        <member name="M:ARW.Admin.WebApi.Framework.JwtUtil.GetLoginUser(Microsoft.AspNetCore.Http.HttpContext)">
            <summary>
            获取用户身份信息
            </summary>
            <param name="httpContext"></param>
            <returns></returns>
        </member>
        <member name="M:ARW.Admin.WebApi.Framework.JwtUtil.GenerateJwtToken(System.Collections.Generic.List{System.Security.Claims.Claim},Infrastructure.JwtSettings)">
            <summary>
            生成token
            </summary>
            <param name="claims"></param>
            <param name="jwtSettings"></param>
            <returns></returns>
        </member>
        <member name="M:ARW.Admin.WebApi.Framework.JwtUtil.ValidParameters">
            <summary>
            验证Token
            </summary>
            <returns></returns>
        </member>
        <member name="M:ARW.Admin.WebApi.Framework.JwtUtil.ParseToken(System.String)">
            <summary>
            从令牌中获取数据声明
            </summary>
            <param name="token">令牌</param>
            <returns></returns>
        </member>
        <member name="M:ARW.Admin.WebApi.Framework.JwtUtil.ValidateJwtToken(System.Collections.Generic.IEnumerable{System.Security.Claims.Claim})">
            <summary>
            jwt token校验
            </summary>
            <param name="jwtToken"></param>
            <returns></returns>
        </member>
        <member name="M:ARW.Admin.WebApi.Framework.JwtUtil.AddClaims(ARW.Model.System.LoginUser)">
             <summary>
            组装Claims
             </summary>
             <param name="user"></param>
             <returns></returns>
        </member>
        <member name="T:ARW.Admin.WebApi.Hubs.MessageHub">
            <summary>
            
            </summary>
        </member>
        <member name="M:ARW.Admin.WebApi.Hubs.MessageHub.#ctor(ARW.Service.System.IService.ISysNoticeService)">
            <summary>
            
            </summary>
            <param name="noticeService"></param>
        </member>
        <member name="M:ARW.Admin.WebApi.Hubs.MessageHub.OnConnectedAsync">
            <summary>
            客户端连接的时候调用
            </summary>
            <returns></returns>
        </member>
        <member name="M:ARW.Admin.WebApi.Hubs.MessageHub.OnDisconnectedAsync(System.Exception)">
            <summary>
            连接终止时调用。
            </summary>
            <returns></returns>
        </member>
        <member name="M:ARW.Admin.WebApi.Hubs.MessageHub.SendMessage(System.String,System.String,System.String)">
            <summary>
            注册信息
            </summary>
            <param name="connectId"></param>
            <param name="userName"></param>
            <param name="message"></param>
            <returns></returns>
        </member>
        <member name="P:ARW.Admin.WebApi.Hubs.OnlineUsers.ConnnectionId">
            <summary>
            客户端连接Id
            </summary>
        </member>
        <member name="P:ARW.Admin.WebApi.Hubs.OnlineUsers.Userid">
            <summary>
            用户id
            </summary>
        </member>
        <member name="T:ARW.Admin.WebApi.Middleware.GlobalExceptionMiddleware">
            <summary>
            全局异常处理中间件
            </summary>
        </member>
        <member name="T:ARWAdmin.Filters.GlobalExceptionFilter">
            <summary>
            全局异常捕获
            暂时没用了，改为中间件 2021-2-26
            </summary>
        </member>
    </members>
</doc>
