﻿<?xml version="1.0" encoding="utf-8"?>
<key id="543fd6e3-acf6-4508-a31d-051647c3fd52" version="1">
  <creationDate>2022-07-23T02:48:36.4342953Z</creationDate>
  <activationDate>2022-07-23T02:48:36.428528Z</activationDate>
  <expirationDate>2022-10-21T02:48:36.428528Z</expirationDate>
  <descriptor deserializerType="Microsoft.AspNetCore.DataProtection.AuthenticatedEncryption.ConfigurationModel.AuthenticatedEncryptorDescriptorDeserializer, Microsoft.AspNetCore.DataProtection, Version=6.0.0.0, Culture=neutral, PublicKeyToken=adb9793829ddae60">
    <descriptor>
      <encryption algorithm="AES_256_CBC" />
      <validation algorithm="HMACSHA256" />
      <masterKey p4:requiresEncryption="true" xmlns:p4="http://schemas.asp.net/2015/03/dataProtection">
        <!-- Warning: the key below is in an unencrypted form. -->
        <value>tYoNgQFFBJqcDMAQT5y3OvbJ91HQmLEBLKQleMPojBaM7yXZixyFkwwkLTHCxkbuZGXATQQ0RIpK1Zn7n+v7Tg==</value>
      </masterKey>
    </descriptor>
  </descriptor>
</key>